0,1,2,3,4
6240000000.0,35.809832074723275,0.0,-18.62192376848494,0.0
6240200000.0,35.55167478033829,0.0,-18.506850897856943,0.0
6240400000.0,34.49282272456209,0.0,-18.576664367479587,0.0
6240600000.0,33.85414352047001,0.0,-18.509030971490855,0.0
6240800000.0,32.5703714766057,0.0,-18.458240584138192,0.0
6241000000.0,32.05668642753688,0.0,-18.29060480449906,0.0
6241200000.0,30.998023499789895,0.0,-18.406938181728187,0.0
6241400000.0,30.0873515982788,0.0,-18.25932053190602,0.0
6241600000.0,30.629107753536292,0.0,-18.200713087651323,0.0
6241800000.0,29.689550341084068,0.0,-18.16874029205858,0.0
6242000000.0,29.71114659331842,0.0,-18.15515764789447,0.0
6242200000.0,28.26254114045951,0.0,-18.055462537458457,0.0
6242400000.0,27.205447274530233,0.0,-17.899922697500724,0.0
6242600000.0,27.19910477101585,0.0,-17.843526397793894,0.0
6242800000.0,26.846392489452167,0.0,-17.802405131731774,0.0
6243000000.0,26.140702473451856,0.0,-17.625745648835334,0.0
6243200000.0,26.097992667840902,0.0,-17.597965181851794,0.0
6243400000.0,24.704553953473543,0.0,-17.565545364052156,0.0
6243600000.0,24.01493737790223,0.0,-17.477581747112612,0.0
6243800000.0,24.537250905003614,0.0,-17.416715993750124,0.0
6244000000.0,24.557752777215736,0.0,-17.245925517774893,0.0
6244200000.0,23.844558944029245,0.0,-17.198884628664818,0.0
6244400000.0,23.44758113594122,0.0,-17.034308836010034,0.0
6244600000.0,22.920707159800706,0.0,-17.169763429306016,0.0
6244800000.0,22.926776166457497,0.0,-17.011675170328232,0.0
6245000000.0,22.743999712625346,0.0,-16.875082798310583,0.0
6245200000.0,22.541479959141963,0.0,-16.805728306915302,0.0
6245400000.0,22.045330871295842,0.0,-16.790785164463795,0.0
6245600000.0,22.38628696630324,0.0,-16.689036098579585,0.0
6245800000.0,22.058706557816986,0.0,-16.549076653530943,0.0
6246000000.0,22.071664964320803,0.0,-16.3742877220489,0.0
6246200000.0,22.597108218236762,0.0,-16.424921716036792,0.0
6246400000.0,21.956453915555254,0.0,-16.314172740568626,0.0
6246600000.0,21.74023668151966,0.0,-16.24574134785299,0.0
6246800000.0,22.023694104615,0.0,-16.176919645765622,0.0
6247000000.0,21.95562894892224,0.0,-16.004037393448094,0.0
6247200000.0,22.52447067671788,0.0,-16.112540448990035,0.0
6247400000.0,21.99478026411911,0.0,-15.967942230178124,0.0
6247600000.0,21.891671388352833,0.0,-16.020834980483894,0.0
6247800000.0,22.782011294216172,0.0,-15.808119977257146,0.0
6248000000.0,22.452842773206665,0.0,-15.796927666541453,0.0
6248200000.0,22.110361687041753,0.0,-15.729822074681891,0.0
6248400000.0,22.56962588665181,0.0,-15.715195643721652,0.0
6248600000.0,22.046314614643585,0.0,-15.682867748647631,0.0
6248800000.0,22.104595200891698,0.0,-15.570723201665395,0.0
6249000000.0,22.090956550286855,0.0,-15.59396824312324,0.0
6249200000.0,22.778179513798488,0.0,-15.529759600262683,0.0
6249400000.0,22.882625374040256,0.0,-15.398021452319934,0.0
6249600000.0,23.136279300336295,0.0,-15.314658620647943,0.0
6249800000.0,23.64403920404363,0.0,-15.364332772608405,0.0
6250000000.0,22.876848949661117,0.0,-15.35109867890493,0.0
6250200000.0,23.38603535439525,0.0,-15.211866850356268,0.0
6250400000.0,24.286483515118757,0.0,-15.190447592472136,0.0
6250600000.0,23.059094083256117,0.0,-15.167039521824845,0.0
6250800000.0,23.717573780708612,0.0,-15.126660093898948,0.0
6251000000.0,24.08933875142874,0.0,-15.090204261835673,0.0
6251200000.0,24.195052120216054,0.0,-15.097753692030313,0.0
6251400000.0,24.986859057838714,0.0,-15.183841723911936,0.0
6251600000.0,24.309959125810536,0.0,-15.085350549259042,0.0
6251800000.0,24.8906641062846,0.0,-15.051855870401255,0.0
6252000000.0,24.58357285886906,0.0,-15.01740709053661,0.0
6252200000.0,25.199279889951068,0.0,-15.070489719261433,0.0
6252400000.0,25.450911449763066,0.0,-15.075885241150456,0.0
6252600000.0,25.55364841245406,0.0,-14.99554448615038,0.0
6252800000.0,25.528256094518298,0.0,-14.986855650592787,0.0
6253000000.0,25.99399312771249,0.0,-15.04704969393768,0.0
6253200000.0,25.34692998290599,0.0,-14.920238394618178,0.0
6253400000.0,26.49699006856504,0.0,-14.919846518264544,0.0
6253600000.0,26.00936675443783,0.0,-15.00914057121189,0.0
6253800000.0,26.920067477402878,0.0,-14.979038159448073,0.0
6254000000.0,26.966227155726816,0.0,-14.970697157447063,0.0
6254200000.0,26.96127062001765,0.0,-14.97668456562418,0.0
6254400000.0,27.585050687406653,0.0,-15.00095573613489,0.0
6254600000.0,27.37535801540901,0.0,-15.01928518120035,0.0
6254800000.0,27.056192042537674,0.0,-15.01088986726887,0.0
6255000000.0,26.912665018202198,0.0,-14.9896672974832,0.0
6255200000.0,27.259808592189472,0.0,-14.946995353588509,0.0
6255400000.0,26.928308997007235,0.0,-15.084972584307284,0.0
6255600000.0,27.875715617769572,0.0,-14.9867036158554,0.0
6255800000.0,27.325572009131044,0.0,-14.95502526549587,0.0
6256000000.0,27.576301825313973,0.0,-15.030528662520195,0.0
6256200000.0,27.315076193588492,0.0,-15.096640729476505,0.0
6256400000.0,28.096632460005416,0.0,-15.08051571933632,0.0
6256600000.0,27.381209851713457,0.0,-15.115009247212578,0.0
6256800000.0,27.341695354692575,0.0,-15.162155979500561,0.0
6257000000.0,27.38477092560623,0.0,-15.285548631506032,0.0
6257200000.0,27.648073695820102,0.0,-15.179832782476335,0.0
6257400000.0,27.662364818301228,0.0,-15.295891674527024,0.0
6257600000.0,28.054029433301242,0.0,-15.246975686661104,0.0
6257800000.0,26.903114433353466,0.0,-15.325597134572517,0.0
6258000000.0,27.51746014678106,0.0,-15.272521807250602,0.0
6258200000.0,27.218279564590325,0.0,-15.299117516392295,0.0
6258400000.0,26.76200437677875,0.0,-15.30758190829086,0.0
6258600000.0,26.883679207091205,0.0,-15.463162533997215,0.0
6258800000.0,27.20106080081032,0.0,-15.439740153381214,0.0
6259000000.0,26.64053666619408,0.0,-15.452968380560097,0.0
6259200000.0,26.52927930026972,0.0,-15.528735529808028,0.0
6259400000.0,25.988070617133623,0.0,-15.615921861833002,0.0
6259600000.0,26.417655166282028,0.0,-15.550115924489347,0.0
6259800000.0,25.91984368883497,0.0,-15.528548250403787,0.0
6260000000.0,25.813763389734152,0.0,-15.62276170619996,0.0
6260200000.0,24.812330175402366,0.0,-15.58226894661562,0.0
6260400000.0,25.212740873179023,0.0,-15.596232409298059,0.0
6260600000.0,24.655853576828143,0.0,-15.712413563919478,0.0
6260800000.0,24.800223451678818,0.0,-15.740081539519537,0.0
6261000000.0,24.036298852486773,0.0,-15.71271334051067,0.0
6261200000.0,23.781189892565827,0.0,-15.849545144672215,0.0
6261400000.0,23.701761166610403,0.0,-15.783655335996565,0.0
6261600000.0,22.323174044307546,0.0,-15.816814587906423,0.0
6261800000.0,22.805032152584225,0.0,-15.802314670032441,0.0
6262000000.0,22.364059097707816,0.0,-15.829133769686763,0.0
6262200000.0,21.747068321177906,0.0,-15.731072153667816,0.0
6262400000.0,21.292708105743802,0.0,-15.75007517715193,0.0
6262600000.0,20.57416205186041,0.0,-15.89405362700589,0.0
6262800000.0,20.349743956578326,0.0,-15.766822333541121,0.0
6263000000.0,19.714743339667034,0.0,-15.720050713691283,0.0
6263200000.0,19.31656623912303,0.0,-15.826695341374046,0.0
6263400000.0,18.886147263044485,0.0,-15.790810284654835,0.0
6263600000.0,18.273575622645602,0.0,-15.793814521664428,0.0
6263800000.0,17.762365781239787,0.0,-15.809629486519455,0.0
6264000000.0,17.290660307778275,0.0,-15.776879910772957,0.0
6264200000.0,17.075074214576947,0.0,-15.736873252544987,0.0
6264400000.0,16.835585393998894,0.0,-15.69770994027177,0.0
6264600000.0,15.725932164692578,0.0,-15.691376439065547,0.0
6264800000.0,15.295115020191936,0.0,-15.70224682143338,0.0
6265000000.0,14.962763624318628,0.0,-15.69575750204811,0.0
6265200000.0,14.437102465976361,0.0,-15.681507336496745,0.0
6265400000.0,13.766306831854568,0.0,-15.691886918334282,0.0
6265600000.0,13.459459509942509,0.0,-15.61287471661638,0.0
6265800000.0,12.941246816122074,0.0,-15.57978128508734,0.0
6266000000.0,12.514669647695962,0.0,-15.505821281439038,0.0
6266200000.0,12.053424207913586,0.0,-15.478125555629692,0.0
6266400000.0,10.976670944010113,0.0,-15.486301826821007,0.0
6266600000.0,10.967148312477391,0.0,-15.448711221632841,0.0
6266800000.0,10.989605205450118,0.0,-15.403510467007354,0.0
6267000000.0,9.631415865006284,0.0,-15.311350392517806,0.0
6267200000.0,9.6930311153024,0.0,-15.312552574452843,0.0
6267400000.0,9.440947076850868,0.0,-15.240429508647328,0.0
6267600000.0,8.71373385982204,0.0,-15.16524475607011,0.0
6267800000.0,8.633214459769999,0.0,-15.126362708662139,0.0
6268000000.0,8.28273472623861,0.0,-15.062035841352605,0.0
6268200000.0,7.344483822184689,0.0,-15.081812722157416,0.0
6268400000.0,7.554555547336625,0.0,-14.88387352099825,0.0
6268600000.0,6.853557495484372,0.0,-14.91365062153674,0.0
6268800000.0,6.449694170888907,0.0,-14.838033911855122,0.0
6269000000.0,6.258631216199859,0.0,-14.764813237552213,0.0
6269200000.0,6.047768074810858,0.0,-14.729835341362369,0.0
6269400000.0,5.893751655424114,0.0,-14.621947645511815,0.0
6269600000.0,5.763815753154217,0.0,-14.613976482295206,0.0
6269800000.0,5.881604984059947,0.0,-14.55097276636824,0.0
6270000000.0,5.088540441554273,0.0,-14.546986163217557,0.0
6270200000.0,5.124320566227798,0.0,-14.478129521018664,0.0
6270400000.0,4.5394043203683445,0.0,-14.28814727340773,0.0
6270600000.0,3.7630632455237905,0.0,-14.30801758891742,0.0
6270800000.0,4.385555581682279,0.0,-14.219951437417818,0.0
6271000000.0,3.818710822613383,0.0,-14.21508966926455,0.0
6271200000.0,3.621487475839616,0.0,-14.098863759088642,0.0
6271400000.0,3.9349009059141333,0.0,-14.1095541367389,0.0
6271600000.0,3.2913474960619675,0.0,-14.064874735090577,0.0
6271800000.0,3.3691738635137534,0.0,-14.030848386927834,0.0
6272000000.0,3.763130073149706,0.0,-13.958704908746505,0.0
6272200000.0,2.9008895928453264,0.0,-13.83737349712624,0.0
6272400000.0,2.688773671301531,0.0,-13.805699611914363,0.0
6272600000.0,2.519704102946255,0.0,-13.746169479057757,0.0
6272800000.0,2.305650876143356,0.0,-13.749540539229423,0.0
6273000000.0,2.4749346917207964,0.0,-13.71787144453545,0.0
6273200000.0,2.8476185484157246,0.0,-13.603253506365832,0.0
6273400000.0,2.27557956991368,0.0,-13.564100795055527,0.0
6273600000.0,2.1443968846842503,0.0,-13.554779071737027,0.0
6273800000.0,1.6997633402998396,0.0,-13.497196757188545,0.0
6274000000.0,1.9050295085580453,0.0,-13.445053241353468,0.0
6274200000.0,1.847338585044796,0.0,-13.340091609175143,0.0
6274400000.0,1.8529731420659725,0.0,-13.407301836605903,0.0
6274600000.0,1.2349266867957407,0.0,-13.319997175159692,0.0
6274800000.0,0.981840619864531,0.0,-13.34413498989321,0.0
6275000000.0,1.2564433587947983,0.0,-13.170262840580493,0.0
6275200000.0,0.9765913703132977,0.0,-13.142454861269425,0.0
6275400000.0,0.5176896524334088,0.0,-13.194894934539128,0.0
6275600000.0,0.7155236469080112,0.0,-13.157219990294397,0.0
6275800000.0,-0.13382559955512063,0.0,-13.127681508079593,0.0
6276000000.0,0.20133491511042814,0.0,-13.088841398627878,0.0
6276200000.0,0.15074159343876264,0.0,-13.145686460947378,0.0
6276400000.0,0.06353626161169057,0.0,-13.02255289462076,0.0
6276600000.0,-0.3467403847022272,0.0,-12.996418420796418,0.0
6276800000.0,-0.802034091569201,0.0,-12.932092298289168,0.0
6277000000.0,-1.312085551761598,0.0,-12.98559192722584,0.0
6277200000.0,-1.7432677281833984,0.0,-12.966945998077545,0.0
6277400000.0,-1.8147904966972626,0.0,-12.940248611882165,0.0
6277600000.0,-2.2316253117717015,0.0,-12.87201972098407,0.0
6277800000.0,-3.1564822084714117,0.0,-12.916207087904546,0.0
6278000000.0,-3.8936090147083346,0.0,-12.925556985614396,0.0
6278200000.0,-3.8268499554081155,0.0,-12.941130859965034,0.0
6278400000.0,-4.813053840399354,0.0,-12.844704255339979,0.0
6278600000.0,-5.67547134361753,0.0,-12.892241632304732,0.0
6278800000.0,-6.694733065203508,0.0,-12.858287936217982,0.0
6279000000.0,-7.3482274372989425,0.0,-12.940562932392561,0.0
6279200000.0,-8.118256540298953,0.0,-12.957273957301808,0.0
6279400000.0,-9.854438780696452,0.0,-13.007152402674823,0.0
6279600000.0,-11.298177911502648,0.0,-12.975508088642673,0.0
6279800000.0,-12.313639087293652,0.0,-13.117202710510153,0.0
6280000000.0,-13.989860475559329,0.0,-13.163932446517181,0.0
6280200000.0,-16.52538155013612,0.0,-13.275048687533795,0.0
6280400000.0,-18.752881659490424,0.0,-13.405178240380138,0.0
6280600000.0,-21.18853207370194,0.0,-13.561279735335464,0.0
6280800000.0,-24.290512247136476,0.0,-13.931634363359661,0.0
6281000000.0,-28.117266362817805,0.0,-14.34463253117109,0.0
6281200000.0,-32.002112500335684,0.0,-14.834528272454905,0.0
6281400000.0,-36.894502173033025,0.0,-15.622749703542947,0.0
6281600000.0,-40.742758601178394,0.0,-16.78984226412884,0.0
6281800000.0,-43.75569972271125,0.0,-18.138353132244863,0.0
6282000000.0,-44.854113079051324,0.0,-20.605149089305304,0.0
6282200000.0,-40.666751043218824,0.0,-23.470735021544474,0.0
6282400000.0,-21.50037871642024,0.0,-26.737429481183487,0.0
6282600000.0,11.323283723642097,0.0,-26.766373289643308,0.0
6282800000.0,29.118258738771104,0.0,-24.731691329483922,0.0
6283000000.0,35.54736021711736,0.0,-22.092727633377493,0.0
6283200000.0,39.08721963063445,0.0,-20.395497097610882,0.0
6283400000.0,37.978727151132155,0.0,-19.09700416355638,0.0
6283600000.0,36.90745400460836,0.0,-18.172603505889427,0.0
6283800000.0,35.25581782110084,0.0,-17.50386107589411,0.0
6284000000.0,34.275272749242355,0.0,-16.962938083919873,0.0
6284200000.0,32.20485979254554,0.0,-16.481877345896173,0.0
6284400000.0,30.628782282223504,0.0,-16.177599260871855,0.0
6284600000.0,29.260612795183864,0.0,-15.876545606416421,0.0
6284800000.0,26.92876429938618,0.0,-15.640865423133034,0.0
6285000000.0,26.694631795657966,0.0,-15.418155587003104,0.0
6285200000.0,25.781189319885677,0.0,-15.231059661355712,0.0
6285400000.0,24.275563272152056,0.0,-15.115001958115023,0.0
6285600000.0,23.017067021062637,0.0,-14.838503056029866,0.0
6285800000.0,21.55067942616553,0.0,-14.841600736431513,0.0
6286000000.0,20.70442035382987,0.0,-14.80727742287633,0.0
6286200000.0,20.85901821237169,0.0,-14.651794768393883,0.0
6286400000.0,19.325729820090004,0.0,-14.6493127005475,0.0
6286600000.0,18.63114138119317,0.0,-14.493288641695496,0.0
6286800000.0,17.766746333257256,0.0,-14.487883241788824,0.0
6287000000.0,17.3778529822966,0.0,-14.383088986407275,0.0
6287200000.0,16.29317183384945,0.0,-14.33689334893462,0.0
6287400000.0,15.700373395250852,0.0,-14.282079450603442,0.0
6287600000.0,15.074112402838557,0.0,-14.17451862471281,0.0
6287800000.0,14.119393157129206,0.0,-14.133225453944409,0.0
6288000000.0,14.0507435434367,0.0,-14.138397346492162,0.0
6288200000.0,12.755858346440462,0.0,-14.15080732583686,0.0
6288400000.0,12.520671401446936,0.0,-14.011109324486174,0.0
6288600000.0,11.689203931326126,0.0,-13.936662268062655,0.0
6288800000.0,11.614564323278442,0.0,-13.868784064856264,0.0
6289000000.0,10.10979285530913,0.0,-13.868078193235945,0.0
6289200000.0,10.120993088248458,0.0,-13.836888164891647,0.0
6289400000.0,9.740051870669655,0.0,-13.726483128950818,0.0
6289600000.0,9.220620958194855,0.0,-13.736297208251253,0.0
6289800000.0,8.553754335965296,0.0,-13.689242155910735,0.0
6290000000.0,8.107254228984692,0.0,-13.631352785048911,0.0
6290200000.0,7.372997041860418,0.0,-13.65199957185386,0.0
6290400000.0,6.958684083433078,0.0,-13.561481641033845,0.0
6290600000.0,5.967246447889515,0.0,-13.489914358817858,0.0
6290800000.0,5.833624142295232,0.0,-13.441987701794515,0.0
6291000000.0,5.232045787449786,0.0,-13.405298268241989,0.0
6291200000.0,4.854325160737632,0.0,-13.415471640319494,0.0
6291400000.0,4.841474886462528,0.0,-13.250629612838694,0.0
6291600000.0,4.028731733647043,0.0,-13.227643400949882,0.0
6291800000.0,3.9972985921297783,0.0,-13.174066187602895,0.0
6292000000.0,3.8537509749113843,0.0,-13.142410027840496,0.0
6292200000.0,3.372465131547015,0.0,-13.066475692478935,0.0
6292400000.0,2.726560636143559,0.0,-13.016001587138788,0.0
6292600000.0,2.5226255105347923,0.0,-12.903308193010897,0.0
6292800000.0,2.6634763994314694,0.0,-12.904471652187983,0.0
6293000000.0,1.8761493991609701,0.0,-12.838670573814792,0.0
6293200000.0,1.7347329642843798,0.0,-12.800298775435625,0.0
6293400000.0,1.608227565852978,0.0,-12.715494209304342,0.0
6293600000.0,1.290416907150404,0.0,-12.714136997724815,0.0
6293800000.0,1.2741648863707038,0.0,-12.647458216415771,0.0
6294000000.0,0.48621133545116657,0.0,-12.58094677489342,0.0
6294200000.0,0.823433797601105,0.0,-12.42827068082519,0.0
6294400000.0,0.2803929620803593,0.0,-12.466784132019109,0.0
6294600000.0,0.30232604304261435,0.0,-12.44746408235522,0.0
6294800000.0,-0.06364124336624315,0.0,-12.383392222966583,0.0
6295000000.0,-0.06370720574996132,0.0,-12.304279880128826,0.0
6295200000.0,-0.5040442929782888,0.0,-12.250745838827328,0.0
6295400000.0,-0.2499348195534814,0.0,-12.206951910836853,0.0
6295600000.0,-0.19375470546398066,0.0,-12.178203613471936,0.0
6295800000.0,-0.5003817453261455,0.0,-12.118886128299522,0.0
6296000000.0,-0.5682360662995951,0.0,-11.97315324415321,0.0
6296200000.0,-0.5206842084763101,0.0,-11.978220532446135,0.0
6296400000.0,-0.7760089636202537,0.0,-11.958859403144542,0.0
6296600000.0,-0.9720490816974775,0.0,-11.89710115238325,0.0
6296800000.0,-0.7196679572968434,0.0,-11.864018984094557,0.0
6297000000.0,-0.9509220427621371,0.0,-11.802516599224095,0.0
6297200000.0,-0.9397442704076877,0.0,-11.729901607074053,0.0
6297400000.0,-0.9354936626495141,0.0,-11.739890392355491,0.0
6297600000.0,-0.8245571224154817,0.0,-11.696388199049817,0.0
6297800000.0,-1.1199670731271225,0.0,-11.641837740084991,0.0
6298000000.0,-1.1424628408435138,0.0,-11.52737564157615,0.0
6298200000.0,-0.9850323179664232,0.0,-11.526123188303458,0.0
6298400000.0,-0.9449501640841816,0.0,-11.52888153420733,0.0
6298600000.0,-0.8126502933090989,0.0,-11.407593534587932,0.0
6298800000.0,-0.7022316610680115,0.0,-11.473825292869584,0.0
6299000000.0,-0.8723733510242531,0.0,-11.349923892106846,0.0
6299200000.0,-0.285718725936404,0.0,-11.35896917251068,0.0
6299400000.0,-0.9715364190905373,0.0,-11.330765448242373,0.0
6299600000.0,-0.7357753057318271,0.0,-11.235730098104543,0.0
6299800000.0,-0.3497757997485689,0.0,-11.21849911185252,0.0
6300000000.0,-0.29346092663907836,0.0,-11.233955640940149,0.0
6300200000.0,-0.15344900576683623,0.0,-11.235323702641828,0.0
6300400000.0,0.2066495916396478,0.0,-11.103626233660789,0.0
6300600000.0,-0.31450554836222705,0.0,-11.141641349100231,0.0
6300800000.0,-0.02533370650980064,0.0,-11.107035029457549,0.0
6301000000.0,0.23586511459591483,0.0,-11.150842163616467,0.0
6301200000.0,0.23674332785923405,0.0,-11.132941142180474,0.0
6301400000.0,0.9800576851496559,0.0,-11.060227773435965,0.0
6301600000.0,0.3931159760774571,0.0,-11.04641972794453,0.0
6301800000.0,0.6931020894248935,0.0,-10.956640885552687,0.0
6302000000.0,0.5774850017115494,0.0,-11.008369232480737,0.0
6302200000.0,1.003684826102933,0.0,-10.981729973977156,0.0
6302400000.0,1.4322572749968414,0.0,-10.922279595593597,0.0
6302600000.0,1.2123369010415406,0.0,-10.901846689141308,0.0
6302800000.0,1.343179782598196,0.0,-10.965650773066077,0.0
6303000000.0,1.31895481719384,0.0,-10.92012214726471,0.0
6303200000.0,1.334222081168909,0.0,-10.89529482790745,0.0
6303400000.0,1.9284317582837467,0.0,-10.930759020665569,0.0
6303600000.0,2.0385600160766177,0.0,-10.82727841234032,0.0
6303800000.0,1.5585073299598275,0.0,-10.810563161764428,0.0
6304000000.0,1.9620357227794452,0.0,-10.814378110142878,0.0
6304200000.0,1.93057860894975,0.0,-10.808811655962122,0.0
6304400000.0,1.8444195065704652,0.0,-10.895929703213419,0.0
6304600000.0,2.4155807211994373,0.0,-10.874263669464481,0.0
6304800000.0,2.5833901544532822,0.0,-10.780238978957101,0.0
6305000000.0,2.335893552926044,0.0,-10.8629350329952,0.0
6305200000.0,2.6255352045323055,0.0,-10.893230966165007,0.0
6305400000.0,2.702233291073942,0.0,-10.822877115100438,0.0
6305600000.0,2.448305812240372,0.0,-10.833957908603564,0.0
6305800000.0,2.608829960021878,0.0,-10.862488539461285,0.0
6306000000.0,2.7218773624972132,0.0,-10.797974176579206,0.0
6306200000.0,2.4746980911236256,0.0,-10.85548026887868,0.0
6306400000.0,2.839606797028481,0.0,-10.799533601144288,0.0
6306600000.0,3.051878972163066,0.0,-10.848685673270301,0.0
6306800000.0,2.7459943407484158,0.0,-10.848754096578068,0.0
6307000000.0,2.794568155546406,0.0,-10.862941850923766,0.0
6307200000.0,2.736589819104272,0.0,-10.866416811594814,0.0
6307400000.0,2.795289694212726,0.0,-10.837335329833293,0.0
6307600000.0,2.9528403673253005,0.0,-10.858125428670462,0.0
6307800000.0,2.9296297443846773,0.0,-10.875530421588405,0.0
6308000000.0,2.632852896763182,0.0,-10.82967123396754,0.0
6308200000.0,3.118471029749894,0.0,-10.86249709698831,0.0
6308400000.0,3.0768734328294243,0.0,-10.899166318959814,0.0
6308600000.0,2.999072813410961,0.0,-10.821985774102407,0.0
6308800000.0,3.335346926488497,0.0,-10.868618214987805,0.0
6309000000.0,3.0683818380586816,0.0,-10.925137681779258,0.0
6309200000.0,2.63244047163742,0.0,-10.888891878791986,0.0
6309400000.0,2.7672102106351324,0.0,-10.903316031333032,0.0
6309600000.0,2.7142843320377867,0.0,-10.989290010475191,0.0
6309800000.0,2.5911167514863944,0.0,-10.941584562882063,0.0
6310000000.0,2.43235432706742,0.0,-10.95215552592858,0.0
6310200000.0,2.361632278419033,0.0,-10.957155722608828,0.0
6310400000.0,2.223233721420858,0.0,-10.96428093240361,0.0
6310600000.0,1.938228894970876,0.0,-10.919542310668238,0.0
6310800000.0,2.1918681252718875,0.0,-10.988077086046253,0.0
6311000000.0,2.0563470118277785,0.0,-10.99002851317507,0.0
6311200000.0,2.112939623004094,0.0,-10.938519219037241,0.0
6311400000.0,1.6414035027132552,0.0,-10.966585824020711,0.0
6311600000.0,1.5310819910953013,0.0,-11.010344189972487,0.0
6311800000.0,1.5659140145595614,0.0,-10.997950421011849,0.0
6312000000.0,1.332738489963035,0.0,-10.957978557341335,0.0
6312200000.0,0.884241222189847,0.0,-11.012857555946647,0.0
6312400000.0,0.899347406029995,0.0,-10.98620658348401,0.0
6312600000.0,0.8806706957266447,0.0,-10.979087611552261,0.0
6312800000.0,0.5730851588966352,0.0,-10.993130573926592,0.0
6313000000.0,0.046171063193175474,0.0,-10.959616028037512,0.0
6313200000.0,0.430195928136519,0.0,-10.945747338776359,0.0
6313400000.0,0.1780798710068778,0.0,-10.977408915762886,0.0
6313600000.0,-0.2299587221206302,0.0,-10.962762172975326,0.0
6313800000.0,-0.5999291816190675,0.0,-10.955163800528563,0.0
6314000000.0,-0.023727930716405162,0.0,-10.972720591513657,0.0
6314200000.0,-0.4666990118261601,0.0,-10.971732769812974,0.0
6314400000.0,-1.0277060876199553,0.0,-10.94623833183049,0.0
6314600000.0,-1.1140453129060033,0.0,-10.920247559123213,0.0
6314800000.0,-1.464411713466607,0.0,-10.93276650363751,0.0
6315000000.0,-1.6995373993243499,0.0,-10.899605831549142,0.0
6315200000.0,-1.6664226452279924,0.0,-10.942831849446971,0.0
6315400000.0,-1.8549914592748469,0.0,-10.914579677838338,0.0
6315600000.0,-2.1633664043142296,0.0,-10.83009042696126,0.0
6315800000.0,-2.381264528248377,0.0,-10.83732196293812,0.0
6316000000.0,-2.7785858918184894,0.0,-10.785239337157343,0.0
6316200000.0,-2.778642729071943,0.0,-10.784221953629247,0.0
6316400000.0,-2.873580420958191,0.0,-10.806145233991426,0.0
6316600000.0,-2.9239653628100775,0.0,-10.769401628839086,0.0
6316800000.0,-3.191767415820133,0.0,-10.755137344198912,0.0
6317000000.0,-3.384299750687406,0.0,-10.727258360070916,0.0
6317200000.0,-3.703183262177913,0.0,-10.737794768521574,0.0
6317400000.0,-3.5850595814197144,0.0,-10.698848697509298,0.0
6317600000.0,-3.612318745684237,0.0,-10.649927976246962,0.0
6317800000.0,-4.036601047428305,0.0,-10.61679670095291,0.0
6318000000.0,-4.075257734826722,0.0,-10.60106067395084,0.0
6318200000.0,-4.074492865115932,0.0,-10.581475491855464,0.0
6318400000.0,-4.220253779422277,0.0,-10.567368227793445,0.0
6318600000.0,-4.350263325858702,0.0,-10.556045947754907,0.0
6318800000.0,-4.462527686223296,0.0,-10.557643605313121,0.0
6319000000.0,-4.714403999715003,0.0,-10.486372493700372,0.0
6319200000.0,-4.66891913704231,0.0,-10.479159390271914,0.0
6319400000.0,-4.729339963821136,0.0,-10.458114012575404,0.0
6319600000.0,-5.11512956416764,0.0,-10.378237784283419,0.0
6319800000.0,-4.869507165865211,0.0,-10.37128635949098,0.0
6320000000.0,-5.095189635939481,0.0,-10.341224511206699,0.0
6320200000.0,-4.699916361411663,0.0,-10.291805696060106,0.0
6320400000.0,-5.041548039142725,0.0,-10.26459629396064,0.0
6320600000.0,-5.316534279408544,0.0,-10.205411683225613,0.0
6320800000.0,-5.2916585586275,0.0,-10.251924905842156,0.0
6321000000.0,-4.9511511139591935,0.0,-10.146535013191505,0.0
6321200000.0,-5.085001590626319,0.0,-10.127891921086858,0.0
6321400000.0,-4.96605162854349,0.0,-10.150466221114536,0.0
6321600000.0,-5.425770343135105,0.0,-10.096023385491542,0.0
6321800000.0,-5.085830284210025,0.0,-10.069495829285763,0.0
6322000000.0,-5.262185686872115,0.0,-10.054177524597858,0.0
6322200000.0,-5.076481594087403,0.0,-10.056640965412804,0.0
6322400000.0,-4.964163673826485,0.0,-10.016042954792518,0.0
6322600000.0,-4.99475643903366,0.0,-9.93243026806329,0.0
6322800000.0,-4.927746820926263,0.0,-9.956968094819752,0.0
6323000000.0,-5.147273992348355,0.0,-9.95773397795936,0.0
6323200000.0,-4.683015116506843,0.0,-9.907316784017883,0.0
6323400000.0,-4.8361902246187745,0.0,-9.852048010297988,0.0
6323600000.0,-4.754322623177379,0.0,-9.8155949341169,0.0
6323800000.0,-4.603665957671837,0.0,-9.809732229557865,0.0
6324000000.0,-4.491574123904062,0.0,-9.776751018790552,0.0
6324200000.0,-4.435763424958704,0.0,-9.853516212700104,0.0
6324400000.0,-4.473591869038959,0.0,-9.751518557828557,0.0
6324600000.0,-4.249917948613664,0.0,-9.736357681552516,0.0
6324800000.0,-4.184712690450733,0.0,-9.727254570398891,0.0
6325000000.0,-3.9766602426254196,0.0,-9.687264890795767,0.0
6325200000.0,-4.095128635996362,0.0,-9.731143635335592,0.0
6325400000.0,-3.746403809394627,0.0,-9.690702786924314,0.0
6325600000.0,-3.8466193461606935,0.0,-9.67124881258162,0.0
6325800000.0,-3.403179942850281,0.0,-9.663525183830814,0.0
6326000000.0,-3.112024457810777,0.0,-9.6536126727456,0.0
6326200000.0,-3.2651148370115655,0.0,-9.634433579431724,0.0
6326400000.0,-3.284143393952137,0.0,-9.621993068648802,0.0
6326600000.0,-2.7742719464613192,0.0,-9.618228593676726,0.0
6326800000.0,-3.0267127552627864,0.0,-9.586130434594748,0.0
6327000000.0,-2.2742900712676315,0.0,-9.5991987837352,0.0
6327200000.0,-2.192906126302279,0.0,-9.610031450965277,0.0
6327400000.0,-2.150908893036934,0.0,-9.540268170132007,0.0
6327600000.0,-2.161830007253796,0.0,-9.541813628145551,0.0
6327800000.0,-1.662021281331186,0.0,-9.49537152253463,0.0
6328000000.0,-2.0482389032429564,0.0,-9.541945259468068,0.0
6328200000.0,-1.4457294920587596,0.0,-9.583912783915839,0.0
6328400000.0,-1.3151406504640586,0.0,-9.565854684118705,0.0
6328600000.0,-1.5182419296029752,0.0,-9.544173632940282,0.0
6328800000.0,-1.3060964466830607,0.0,-9.537245765162627,0.0
6329000000.0,-1.065182924032663,0.0,-9.534051945948974,0.0
6329200000.0,-0.6882874766410327,0.0,-9.584945147341081,0.0
6329400000.0,-0.6771699712858782,0.0,-9.550778058559564,0.0
6329600000.0,-0.6901702983295452,0.0,-9.55820464886731,0.0
6329800000.0,-0.5726886989331543,0.0,-9.596569287280323,0.0
6330000000.0,-0.6721463152068156,0.0,-9.612499075800304,0.0
6330200000.0,-0.705394231551698,0.0,-9.56837044062321,0.0
6330400000.0,-0.013673468506721527,0.0,-9.542800955597249,0.0
6330600000.0,-0.28918134038602367,0.0,-9.618017812323554,0.0
6330800000.0,0.23373633639172667,0.0,-9.58969451298403,0.0
6331000000.0,0.02552516899038419,0.0,-9.583718994076914,0.0
6331200000.0,0.2777401720281981,0.0,-9.624875440414506,0.0
6331400000.0,0.17428461689270458,0.0,-9.640006418904548,0.0
6331600000.0,0.4452493899897785,0.0,-9.646365196247626,0.0
6331800000.0,0.34352930101261625,0.0,-9.630344553850565,0.0
6332000000.0,0.5553710406321591,0.0,-9.670738967039835,0.0
6332200000.0,0.7707171443790498,0.0,-9.638063283796967,0.0
6332400000.0,0.5236105445764496,0.0,-9.699963588350977,0.0
6332600000.0,0.6631403560217599,0.0,-9.700788820851884,0.0
6332800000.0,0.936061667956444,0.0,-9.722074917238881,0.0
6333000000.0,1.0496917528395682,0.0,-9.744207796551304,0.0
6333200000.0,0.7670672028846411,0.0,-9.733616607799677,0.0
6333400000.0,1.2025700697172181,0.0,-9.74404152344014,0.0
6333600000.0,0.8388445453100024,0.0,-9.77008974000608,0.0
6333800000.0,0.9924223685058466,0.0,-9.771164169136426,0.0
6334000000.0,1.1471960536596992,0.0,-9.82232607115577,0.0
6334200000.0,1.0260998993670407,0.0,-9.83652797019726,0.0
6334400000.0,1.1428932973533295,0.0,-9.895918852171823,0.0
6334600000.0,0.8563413287964374,0.0,-9.83856730981226,0.0
6334800000.0,0.9116750831916148,0.0,-9.903502459132298,0.0
6335000000.0,0.9324923044811313,0.0,-9.88284514852294,0.0
6335200000.0,1.0447303321657255,0.0,-9.940643615023022,0.0
6335400000.0,1.0593021611450633,0.0,-9.97129591014291,0.0
6335600000.0,0.3729788333564614,0.0,-9.963869733106865,0.0
6335800000.0,0.3406910025143278,0.0,-9.93468964851739,0.0
6336000000.0,0.4395140351323532,0.0,-9.984437320615761,0.0
6336200000.0,0.37004915811545963,0.0,-10.010181084716002,0.0
6336400000.0,0.2885347019918095,0.0,-10.01741749490346,0.0
6336600000.0,0.24687244367908476,0.0,-10.02662434243562,0.0
6336800000.0,0.2647014733223778,0.0,-10.001907036760763,0.0
6337000000.0,-0.08024582324864958,0.0,-10.038777092409408,0.0
6337200000.0,-0.5037774121636893,0.0,-10.081961341202998,0.0
6337400000.0,-0.22448724666320286,0.0,-10.057697652185762,0.0
6337600000.0,-0.756062323224702,0.0,-10.096633469484185,0.0
6337800000.0,-0.6400656082529308,0.0,-10.093923651153542,0.0
6338000000.0,-0.6643484398989354,0.0,-10.088007287365265,0.0
6338200000.0,-1.0259638973870466,0.0,-10.155172253497536,0.0
6338400000.0,-1.4357019453630215,0.0,-10.103692134353949,0.0
6338600000.0,-1.248646399790205,0.0,-10.208341161618847,0.0
6338800000.0,-1.561342555937075,0.0,-10.181967959146426,0.0
6339000000.0,-2.060922883772231,0.0,-10.16178704422984,0.0
6339200000.0,-1.7115102876305581,0.0,-10.170366104179788,0.0
6339400000.0,-2.2334658283398285,0.0,-10.192485153953665,0.0
6339600000.0,-2.5681426431657304,0.0,-10.203774932888205,0.0
6339800000.0,-2.60651674629367,0.0,-10.230338737524647,0.0
6340000000.0,-2.701976144650319,0.0,-10.195808428190933,0.0
